商品名称,价格,颜色
经典相机,143.82,白色
智能手机,7246.02,黑色
豪华耳机,5813.77,黑色
简约手表,7158.99,银色
豪华手机,6039.01,蓝色
时尚相机,2354.77,银色
时尚耳机,9085.15,白色
豪华相机,3737.63,白色
简约手机,8315.07,蓝色
时尚笔记本电脑,3210.06,银色
经典耳机,2072.81,蓝色
豪华耳机,7202.35,金色
简约相机,8908.34,黑色
豪华笔记本电脑,1893.03,黑色
豪华耳机,260.64,蓝色
经典手机,380.37,黑色
经典手表,8637.16,白色
经典相机,6520.01,黑色
简约耳机,8596.85,金色
智能手表,8694.23,白色
时尚笔记本电脑,7031.41,蓝色
简约相机,6353.98,白色
时尚手表,4494.19,黑色
简约笔记本电脑,414.47,白色
智能手机,889.95,蓝色
简约笔记本电脑,8664.85,金色
经典手表,9783.18,蓝色
豪华笔记本电脑,5168.17,白色
豪华耳机,6892.09,白色
时尚手机,3488.08,蓝色
时尚耳机,2196.52,白色
简约手表,8379.65,蓝色
经典相机,5085.79,银色
智能手机,7556.11,银色
智能相机,727.6,蓝色
简约相机,2108.1,黑色
简约耳机,9676.26,蓝色
简约手表,7539.53,蓝色
时尚耳机,6382.87,黑色
经典手表,1155.12,黑色
智能手机,6072.7,蓝色
时尚手表,2352.05,银色
时尚手表,1347.89,金色
简约手表,6225.15,金色
豪华相机,6307.53,银色
简约手表,6493.2,银色
时尚耳机,5748.12,金色
豪华手表,2813.8,蓝色
时尚手机,6016.8,白色
简约耳机,7218.34,蓝色
豪华耳机,7773.44,白色
豪华笔记本电脑,2775.59,白色
简约手表,523.27,银色
智能笔记本电脑,4794.9,金色
经典笔记本电脑,5327.66,白色
智能手机,5191.55,白色
豪华手表,7829.12,蓝色
豪华相机,4352.33,黑色
时尚笔记本电脑,6600.29,白色
豪华笔记本电脑,1957.74,金色
简约笔记本电脑,568.29,银色
经典手表,5980.06,蓝色
简约笔记本电脑,2647.85,金色
智能笔记本电脑,3890.67,黑色
智能手机,2193.65,蓝色
时尚耳机,8826.58,白色
豪华相机,8423.9,白色
豪华相机,5623.72,蓝色
豪华手表,5101.9,白色
简约手机,2913.6,白色
豪华笔记本电脑,687.8,黑色
简约笔记本电脑,131.32,银色
智能笔记本电脑,9275.47,白色
简约手机,9422.97,蓝色
简约耳机,385.7,白色
豪华手表,4924.97,金色
经典耳机,629.41,银色
智能笔记本电脑,3212.21,蓝色
经典耳机,8797.77,金色
豪华笔记本电脑,6294.61,黑色
简约笔记本电脑,688.27,蓝色
时尚耳机,4413.34,白色
智能手表,2040.33,蓝色
经典笔记本电脑,5276.11,蓝色
简约笔记本电脑,6378.61,金色
经典笔记本电脑,2268.03,金色
简约手表,2170.78,白色
简约手表,1359.5,金色
智能相机,5479.4,蓝色
豪华相机,3474.54,黑色
豪华手机,8717.14,蓝色
豪华笔记本电脑,6486.56,蓝色
经典耳机,6574.14,黑色
智能手机,5724.69,金色
时尚手表,9606.27,银色
智能耳机,3938.68,蓝色
智能笔记本电脑,6164.81,金色
智能手表,3331.88,白色
时尚笔记本电脑,3784.81,金色
简约笔记本电脑,6624.67,金色
